{"1:1":true,"11:5":true,"3:0":true,"0:6":true,"0:0":true,"8:1":171,"3:6":true,"5:5":true,"0:2":true,"4:5":true,"3:2":true,"3:4":true,"0:3":true,"3:3":true,"0:4":true,"2:1":true,"11:0":true,"4:3":true,"5:4":true,"5:3":true,"6:1":true,"4:4":true,"3:5":true,"4:2":true,"0:11":true,"5:2":true,"0:5":true,"11:4":true,"9:1":[171,187],"4:6":true,"5:0":true,"10:1":true,"5:6":true,"11:3":true,"4:0":true,"11:2":true,"7:1":true,"9:3":171,"6:0":true,"10:4":true,"10:3":true,"1:5":true,"7:2":true,"6:6":true,"11:1":true,"9:4":171,"8:5":true,"7:4":true,"9:2":171,"10:2":true,"0:10":true,"7:3":true,"9:6":true,"4:1":true,"6:4":true,"10:0":true,"5:1":true,"9:0":[171,185],"6:3":true,"7:0":171,"2:5":true,"6:2":true,"7:6":true,"1:6":true,"6:5":true,"2:2":true,"0:8":true,"1:0":true,"2:4":true,"8:0":171,"0:1":true,"8:6":true,"3:1":true,"2:3":true,"10:5":true,"1:3":true,"9:5":true,"8:2":171,"1:4":true,"0:7":true,"2:0":true,"8:4":true,"1:2":true,"7:5":true,"8:3":true,"0:9":true,"2:6":true}