{"12:11":true,"9:14":true,"11:5":true,"2:7":true,"8:8":true,"7:12":true,"6:10":true,"12:5":true,"10:14":true,"7:15":true,"14:9":true,"11:11":true,"10:12":true,"6:13":true,"2:9":true,"9:15":true,"0:6":true,"14:7":true,"9:12":true,"3:6":true,"13:10":true,"10:15":true,"7:14":true,"1:8":true,"10:10":true,"8:7":true,"5:5":true,"4:11":true,"7:13":true,"2:8":true,"5:11":true,"4:5":true,"13:12":true,"6:14":true,"1:9":true,"15:8":true,"10:13":true,"3:4":true,"6:12":true,"3:3":true,"1:7":true,"6:15":true,"9:13":true,"12:6":true,"4:3":true,"8:13":true,"5:4":true,"2:12":true,"10:9":true,"7:7":true,"5:3":true,"2:15":true,"1:10":true,"13:8":true,"11:6":true,"4:4":true,"10:7":true,"6:8":true,"3:5":true,"13:1":181,"0:11":true,"9:7":true,"3:11":true,"2:14":true,"1:13":true,"0:5":true,"12:3":true,"11:4":true,"8:12":true,"6:9":true,"4:6":true,"2:13":true,"14:10":true,"10:1":179,"5:6":true,"13:7":true,"12:4":true,"11:3":true,"8:15":true,"12:2":true,"2:10":true,"1:15":true,"10:8":true,"11:2":true,"8:14":true,"1:12":true,"13:9":true,"9:8":true,"12:1":[180,181],"9:3":true,"10:4":true,"3:13":true,"5:9":true,"10:3":true,"1:5":true,"0:13":true,"7:2":true,"6:6":true,"4:9":true,"11:1":180,"9:4":true,"8:5":true,"5:7":true,"3:10":true,"11:8":true,"7:4":true,"13:6":true,"9:2":true,"4:7":true,"10:2":true,"0:10":true,"12:8":true,"7:3":true,"14:11":true,"13:2":true,"9:6":true,"3:12":true,"0:15":true,"11:9":true,"6:4":true,"14:5":true,"10:6":true,"3:15":true,"12:9":true,"6:3":true,"13:3":true,"11:7":true,"2:5":true,"0:14":true,"5:8":true,"13:4":true,"12:7":true,"3:14":true,"6:2":true,"7:6":true,"4:8":true,"2:11":true,"15:4":true,"14:3":true,"4:14":true,"1:6":true,"11:10":true,"6:5":true,"3:8":true,"12:10":true,"5:14":true,"0:8":true,"15:3":true,"6:11":true,"14:4":true,"11:13":true,"5:12":true,"2:4":true,"14:2":true,"13:11":true,"4:15":true,"15:2":true,"8:6":true,"4:12":true,"13:5":true,"12:13":true,"5:15":true,"10:5":true,"9:11":true,"5:10":true,"3:7":true,"10:11":true,"9:5":true,"4:10":true,"11:14":true,"8:2":true,"0:7":true,"11:12":true,"8:4":true,"5:13":true,"7:5":true,"3:9":true,"12:12":true,"11:15":true,"8:3":true,"0:9":true,"4:13":true,"2:6":true}