{"10:4":true,"7:12":true,"7:15":true,"9:4":true,"10:12":true,"3:10":true,"11:8":true,"2:9":true,"13:6":true,"9:15":true,"0:0":true,"9:12":true,"10:2":true,"10:15":true,"12:8":true,"13:15":true,"10:10":true,"4:11":true,"4:1":true,"3:12":true,"10:0":true,"5:11":true,"5:1":true,"3:2":true,"0:12":[221,227],"9:0":true,"6:3":true,"15:8":true,"6:12":true,"0:4":true,"6:15":true,"14:8":true,"2:1":true,"2:11":[217,222],"15:4":true,"2:12":true,"0:8":true,"6:11":true,"6:1":true,"14:4":true,"5:12":true,"14:15":true,"4:2":true,"15:15":true,"3:11":true,"3:1":true,"5:2":true,"14:6":true,"11:4":true,"6:9":true,"8:12":true,"5:10":true,"10:11":true,"10:1":true,"4:10":true,"12:4":true,"8:15":true,"15:6":true,"12:15":true,"10:8":true,"11:15":true,"1:12":224,"9:8":true}