{"15:9":true,"12:1":true,"12:11":true,"8:8":true,"6:10":true,"5:9":true,"12:5":true,"0:13":true,"14:9":true,"6:6":true,"4:9":true,"5:7":true,"11:8":true,"2:9":true,"15:7":true,"13:6":true,"14:7":[150,232],"4:7":true,"13:10":true,"12:8":true,"1:8":true,"14:11":true,"14:1":true,"8:7":true,"9:6":true,"11:9":true,"14:5":true,"10:6":true,"5:11":true,"3:15":true,"12:9":true,"1:9":true,"15:8":true,"11:7":true,"0:14":true,"8:9":true,"5:8":true,"12:7":true,"14:8":true,"7:6":true,"4:8":true,"14:14":true,"14:3":true,"12:6":true,"10:9":true,"7:7":true,"12:10":true,"13:8":true,"0:8":true,"12:0":true,"9:9":true,"14:4":true,"11:6":true,"10:7":true,"7:9":true,"6:8":true,"5:12":true,"14:15":[150,183],"14:2":true,"14:12":true,"9:7":true,"8:6":true,"12:13":true,"2:14":true,"1:13":true,"12:14":true,"12:3":true,"14:6":[140,231],"7:8":true,"6:9":true,"5:10":true,"4:6":true,"2:13":true,"1:14":true,"15:10":true,"14:10":true,"5:6":true,"4:10":true,"13:7":true,"12:4":true,"15:6":true,"14:0":true,"12:2":true,"12:15":true,"10:8":true,"6:7":true,"3:9":true,"12:12":true,"13:9":true,"9:8":true,"14:13":true}