{"1:1":true,"12:5":true,"3:0":true,"0:0":true,"14:7":true,"9:12":true,"8:1":true,"10:15":true,"7:14":true,"14:1":true,"0:2":true,"13:12":true,"3:2":true,"1:9":true,"15:8":[175,218],"0:3":true,"3:3":true,"0:4":true,"6:15":true,"2:1":true,"11:0":true,"4:3":true,"8:13":true,"5:4":true,"5:3":true,"1:10":true,"13:8":[175,217],"12:0":true,"15:12":true,"4:2":true,"0:11":true,"5:2":true,"1:13":true,"11:4":true,"15:10":true,"5:0":204,"13:7":true,"12:4":true,"1:12":true,"6:0":[203,204],"1:11":true,"10:4":[202,203],"10:3":true,"0:13":true,"9:4":[201,202],"7:4":true,"13:6":true,"9:2":218,"0:10":true,"14:11":true,"4:1":true,"6:4":true,"10:0":true,"5:1":161,"0:12":true,"12:9":true,"9:0":true,"6:3":true,"7:0":[202,218],"13:3":true,"13:4":true,"12:7":true,"14:3":true,"11:10":true,"1:0":true,"8:0":[201,202],"14:2":true,"0:1":true,"8:6":true,"3:1":true,"12:13":true,"1:3":true,"10:11":true,"11:14":true,"1:4":true,"2:0":true,"8:4":[201,202],"1:2":true,"7:5":true,"0:9":true}