{"1:1":true,"8:8":true,"7:12":true,"6:10":true,"10:14":true,"7:15":[147,148],"10:12":true,"6:13":147,"3:0":true,"9:15":true,"0:0":true,"8:1":true,"3:6":true,"10:15":true,"7:14":true,"10:10":true,"8:7":true,"5:5":true,"7:13":true,"9:10":true,"5:11":true,"4:5":true,"3:2":true,"6:14":147,"10:13":true,"3:4":true,"8:9":true,"7:10":true,"6:12":true,"3:3":true,"6:15":[147,148],"2:1":true,"4:3":true,"8:13":true,"5:4":true,"7:7":true,"5:3":true,"2:15":142,"9:9":true,"6:1":true,"4:4":true,"8:10":true,"7:9":true,"6:8":true,"3:5":true,"4:2":true,"9:7":true,"5:2":true,"8:12":true,"7:8":true,"6:9":true,"4:6":true,"5:0":true,"5:6":true,"8:15":true,"4:0":true,"6:7":true,"8:14":true,"9:8":true,"7:1":true,"6:0":true,"3:13":143,"5:9":true,"7:2":true,"6:6":true,"4:9":true,"8:5":true,"5:7":true,"3:10":145,"7:4":true,"8:11":true,"4:7":true,"7:3":true,"4:1":true,"3:12":144,"6:4":true,"5:1":true,"3:15":[142,145],"6:3":true,"7:0":true,"2:5":true,"5:8":true,"3:14":142,"6:2":true,"7:6":true,"4:8":true,"4:14":[143,146],"6:5":true,"3:8":true,"5:14":147,"2:2":true,"6:11":true,"1:0":true,"5:12":147,"2:4":true,"4:15":[142,148],"8:6":true,"4:12":[145,146],"3:1":true,"5:15":[147,148],"2:3":true,"5:10":true,"3:7":true,"4:10":[146,147],"8:2":true,"2:0":true,"8:4":true,"5:13":147,"1:2":true,"7:5":true,"3:9":145,"11:15":true,"8:3":true,"7:11":true,"4:13":true}