{"1:1":true,"2:7":true,"6:10":true,"2:9":true,"3:0":true,"8:1":true,"3:6":true,"5:5":true,"4:11":true,"2:8":true,"5:11":true,"4:5":true,"3:2":true,"1:9":true,"13:14":148,"3:4":true,"7:10":true,"6:12":true,"3:3":true,"6:15":true,"2:1":true,"4:3":true,"5:4":true,"2:12":true,"7:7":true,"5:3":true,"6:1":true,"4:4":true,"7:9":true,"6:8":true,"3:5":true,"4:2":true,"3:11":true,"5:2":true,"2:14":148,"9:1":true,"7:8":true,"6:9":true,"4:6":true,"5:0":true,"5:6":true,"4:0":true,"2:10":true,"6:7":true,"7:1":true,"9:3":true,"6:0":true,"3:13":true,"5:9":true,"7:2":true,"6:6":true,"4:9":true,"9:4":true,"8:5":true,"5:7":true,"3:10":true,"7:4":true,"9:2":true,"4:7":true,"7:3":true,"4:1":true,"3:12":true,"6:4":true,"10:0":true,"5:1":true,"3:15":[170,171],"9:0":true,"6:3":true,"7:0":true,"2:5":true,"5:8":true,"3:14":[147,170],"6:2":true,"7:6":true,"4:8":true,"2:11":true,"4:14":true,"6:5":true,"3:8":true,"5:14":true,"2:2":true,"6:11":true,"1:0":true,"5:12":true,"2:4":true,"8:0":true,"4:15":true,"8:6":true,"4:12":true,"3:1":true,"5:15":true,"2:3":true,"5:10":true,"3:7":true,"1:3":true,"8:2":true,"1:4":true,"2:0":true,"8:4":true,"5:13":true,"1:2":true,"7:5":true,"3:9":true,"8:3":true,"4:13":true,"2:6":true}