{"9:14":true,"1:1":148,"8:8":true,"7:12":true,"6:10":true,"13:13":true,"10:14":true,"7:15":true,"10:12":true,"6:13":true,"2:9":true,"3:0":[148,171],"9:15":true,"9:12":true,"3:6":true,"10:15":true,"7:14":true,"13:15":true,"10:10":true,"8:7":true,"5:5":true,"4:11":true,"7:13":true,"2:8":true,"9:10":true,"5:11":true,"4:5":true,"3:2":true,"6:14":true,"1:9":true,"13:14":true,"10:13":true,"8:9":true,"7:10":true,"6:12":true,"3:3":true,"6:15":true,"9:13":true,"2:1":148,"14:14":true,"4:3":true,"8:13":true,"5:4":true,"2:12":true,"7:7":true,"5:3":true,"15:14":true,"9:9":true,"6:1":true,"4:4":true,"8:10":true,"7:9":true,"6:8":true,"3:5":true,"14:15":true,"4:2":true,"15:15":true,"9:7":true,"3:11":true,"5:2":true,"8:12":true,"7:8":true,"6:9":true,"4:6":true,"2:13":true,"5:0":true,"5:6":true,"8:15":true,"4:0":true,"15:13":true,"2:10":true,"6:7":true,"8:14":true,"9:8":true,"14:13":true,"6:0":true,"3:13":true,"5:9":true,"6:6":true,"4:9":true,"5:7":true,"3:10":true,"7:4":true,"8:11":true,"4:7":true,"7:3":true,"4:1":true,"3:12":true,"6:4":true,"5:1":true,"6:3":true,"2:5":true,"5:8":true,"3:14":true,"6:2":true,"7:6":true,"4:8":true,"2:11":true,"4:14":true,"6:5":true,"3:8":true,"5:14":true,"2:2":148,"6:11":true,"11:13":true,"5:12":true,"4:15":true,"8:6":true,"4:12":true,"3:1":true,"12:13":true,"5:15":true,"2:3":true,"12:14":true,"9:11":true,"5:10":true,"3:7":true,"1:3":148,"10:11":true,"4:10":true,"11:14":true,"2:0":148,"11:12":true,"5:13":true,"1:2":148,"7:5":true,"3:9":true,"11:15":true,"7:11":true,"4:13":true,"2:6":true}