{"15:9":true,"12:11":true,"5:9":true,"0:13":195,"7:15":true,"4:9":true,"3:10":[192,193],"6:13":true,"2:9":true,"9:15":true,"14:7":true,"10:15":true,"11:9":true,"15:5":true,"3:15":true,"3:2":true,"15:1":true,"12:9":true,"0:14":195,"5:8":true,"6:15":[168,175],"14:8":true,"4:8":true,"2:11":true,"2:1":true,"15:4":true,"4:14":true,"2:12":[190,194],"3:8":true,"5:14":true,"2:2":true,"13:8":true,"9:9":true,"6:11":true,"7:9":true,"15:2":true,"3:1":true,"3:11":[190,192],"12:13":true,"1:13":[194,195],"12:14":true,"6:9":true,"4:10":true,"8:15":true,"12:15":true,"5:13":true,"2:10":159,"3:9":true,"11:15":true,"1:12":[192,193],"13:9":true}