{"12:11":true,"11:5":171,"8:8":true,"12:5":[171,175],"7:15":true,"6:13":true,"9:15":true,"14:7":true,"8:1":true,"13:10":true,"10:15":true,"10:10":true,"8:7":true,"0:2":true,"9:10":true,"13:14":true,"8:9":true,"6:15":true,"14:8":224,"11:0":171,"14:14":true,"12:6":171,"10:9":true,"7:7":true,"13:8":true,"15:14":true,"12:0":true,"9:9":true,"6:1":true,"11:6":171,"10:7":true,"8:10":true,"7:9":true,"6:8":true,"15:12":[216,222],"0:11":[152,153],"15:15":true,"9:7":true,"12:3":[171,175],"11:4":171,"9:1":171,"7:8":true,"6:9":true,"15:10":[216,222],"14:10":[216,222],"10:1":171,"13:7":true,"12:4":171,"11:3":171,"8:15":true,"15:13":true,"12:2":171,"10:8":true,"6:7":true,"11:2":171,"9:8":true,"7:1":171,"12:1":[171,175],"9:3":171,"6:0":171,"10:4":true,"10:3":171,"7:2":true,"6:6":true,"11:1":171,"9:4":171,"8:5":true,"11:8":true,"7:4":true,"9:2":true,"10:2":171,"12:8":true,"7:3":true,"9:6":true,"11:9":true,"6:4":true,"10:0":171,"10:6":171,"0:12":true,"15:11":[216,222],"12:9":true,"9:0":171,"6:3":true,"7:0":171,"11:7":171,"12:7":[171,223],"6:2":true,"7:6":true,"15:4":true,"11:10":true,"6:5":true,"12:10":true,"6:11":true,"14:4":true,"8:0":true,"0:1":true,"8:6":true,"12:13":true,"14:6":true,"12:14":true,"10:5":171,"9:5":171,"11:14":true,"8:2":171,"12:15":true,"8:4":true,"1:2":true,"7:5":true,"11:15":true,"8:3":true}