{"12:11":true,"9:14":true,"11:5":true,"8:8":true,"7:12":true,"6:10":true,"13:13":[190,192],"12:5":true,"10:14":true,"7:15":true,"11:11":true,"10:12":171,"6:13":[171,190],"9:15":true,"9:12":171,"8:1":true,"10:15":true,"7:14":[171,190],"10:10":true,"8:7":true,"7:13":[171,192],"9:10":true,"6:14":[171,190],"13:14":true,"10:13":true,"8:9":true,"7:10":true,"6:12":true,"6:15":true,"9:13":[171,192],"11:0":true,"8:13":[171,190],"10:9":true,"7:7":true,"15:14":190,"9:9":true,"6:1":true,"11:6":true,"10:7":true,"8:10":true,"7:9":true,"6:8":true,"9:7":true,"2:14":true,"1:13":true,"2:13":true,"12:3":true,"11:4":true,"9:1":true,"8:12":171,"7:8":true,"6:9":true,"1:14":true,"10:1":true,"11:3":true,"8:15":true,"15:13":[190,192],"10:8":true,"6:7":true,"11:2":true,"8:14":true,"9:8":true,"7:1":true,"12:1":true,"9:3":true,"6:0":true,"10:4":true,"3:13":true,"10:3":true,"0:13":true,"7:2":true,"6:6":true,"11:1":true,"9:4":true,"8:5":true,"11:8":true,"7:4":true,"9:2":true,"8:11":true,"10:2":true,"7:3":true,"9:6":true,"11:9":true,"6:4":true,"10:0":true,"10:6":true,"12:9":true,"9:0":true,"6:3":true,"7:0":true,"11:7":true,"0:14":true,"12:7":true,"6:2":true,"7:6":true,"4:14":190,"11:10":true,"6:5":true,"5:14":190,"6:11":true,"11:13":[171,192],"8:0":true,"8:6":true,"12:13":[175,190],"12:14":true,"9:11":true,"10:5":true,"10:11":true,"9:5":true,"11:14":true,"8:2":true,"12:15":true,"11:12":171,"8:4":true,"5:13":true,"7:5":true,"11:15":true,"8:3":true,"7:11":true,"4:13":true}