{"12:11":true,"1:1":192,"11:5":true,"8:8":true,"6:10":true,"12:5":true,"7:15":true,"6:13":true,"3:0":true,"9:15":true,"0:0":true,"8:1":171,"10:15":true,"13:15":true,"10:10":true,"8:7":true,"5:5":true,"9:10":true,"4:5":true,"3:2":192,"15:1":192,"8:9":true,"7:10":true,"0:4":190,"6:15":true,"11:0":true,"12:6":true,"5:4":true,"10:9":true,"7:7":true,"12:0":true,"9:9":true,"6:1":[171,175],"11:6":true,"4:4":true,"10:7":true,"8:10":true,"7:9":true,"6:8":true,"3:5":true,"14:15":true,"13:1":192,"9:7":true,"5:2":192,"0:5":true,"12:3":true,"11:4":true,"9:1":[171,192],"7:8":true,"6:9":true,"5:0":true,"10:1":171,"12:4":true,"11:3":true,"8:15":true,"4:0":true,"10:8":true,"6:7":true,"11:2":true,"9:8":true,"7:1":[171,192],"12:1":175,"9:3":true,"6:0":[171,192],"10:4":true,"10:3":true,"1:5":true,"7:2":true,"6:6":true,"11:1":[171,192],"9:4":true,"8:5":true,"11:8":true,"7:4":true,"9:2":true,"13:0":true,"10:2":true,"12:8":true,"7:3":true,"13:2":192,"9:6":true,"11:9":true,"6:4":true,"15:5":true,"10:0":[171,192],"10:6":true,"5:1":192,"3:15":true,"12:9":true,"9:0":[171,192],"6:3":true,"7:0":[171,192],"11:7":true,"2:5":true,"13:4":true,"12:7":true,"6:2":171,"7:6":true,"15:4":true,"11:10":true,"6:5":true,"12:10":true,"6:11":true,"1:0":[190,192],"2:4":true,"8:0":[171,192],"4:15":true,"15:2":192,"8:6":true,"3:1":true,"13:5":true,"12:13":true,"5:15":true,"15:0":[190,192],"10:5":true,"9:5":true,"8:2":true,"1:4":190,"14:0":[190,192],"2:0":[190,192],"12:15":true,"8:4":true,"1:2":192,"7:5":true,"11:15":true,"8:3":true}