{"12:11":true,"9:14":true,"7:12":true,"13:13":true,"12:5":true,"10:14":true,"7:15":true,"10:12":true,"6:13":true,"3:0":true,"9:15":true,"9:12":true,"10:15":true,"7:14":true,"1:8":true,"14:1":true,"13:15":true,"4:11":true,"7:13":true,"5:11":true,"6:14":true,"1:9":true,"13:14":true,"10:13":true,"6:12":true,"1:7":true,"6:15":true,"9:13":true,"14:14":true,"8:13":true,"2:12":true,"2:15":true,"1:10":true,"15:14":true,"6:1":true,"14:15":true,"13:1":true,"0:11":true,"15:15":true,"3:11":true,"2:14":true,"1:13":true,"12:3":true,"8:12":true,"6:9":true,"2:13":true,"1:14":true,"8:15":true,"2:10":true,"1:15":true,"6:7":true,"8:14":true,"1:12":true,"12:1":true,"1:11":true,"3:13":true,"5:9":true,"0:13":true,"4:9":true,"3:10":true,"0:10":true,"4:1":true,"3:12":true,"5:1":true,"3:15":true,"0:12":true,"12:9":true,"6:3":true,"0:14":true,"12:7":true,"3:14":true,"4:8":true,"2:11":true,"4:14":true,"6:5":true,"3:8":true,"5:14":true,"0:8":true,"6:11":true,"11:13":true,"5:12":true,"4:15":true,"4:12":true,"3:1":true,"12:13":true,"5:15":true,"12:14":true,"5:10":true,"4:10":true,"11:14":true,"0:7":true,"12:15":true,"11:12":true,"5:13":true,"3:9":true,"0:9":true,"7:11":true,"4:13":true}