{"15:9":true,"12:11":true,"9:14":true,"11:5":true,"7:12":true,"6:10":true,"12:5":true,"10:14":true,"7:15":true,"14:9":true,"11:11":true,"10:12":true,"6:13":true,"15:7":true,"3:0":true,"9:15":true,"14:7":true,"9:12":true,"8:1":true,"10:15":true,"7:14":true,"14:1":true,"10:10":true,"7:13":true,"9:10":true,"15:1":true,"6:14":true,"15:8":true,"10:13":true,"8:9":true,"7:10":171,"6:12":true,"6:15":true,"14:8":true,"9:13":true,"8:13":true,"13:8":true,"12:0":true,"6:1":true,"8:10":171,"7:9":171,"6:8":true,"15:12":true,"13:1":true,"12:3":true,"11:4":true,"9:1":true,"8:12":true,"7:8":true,"6:9":[171,175],"15:10":true,"5:0":true,"14:10":true,"10:1":true,"13:7":true,"12:4":true,"11:3":true,"8:15":true,"4:0":true,"15:13":true,"12:2":true,"6:7":true,"11:2":true,"8:14":true,"7:1":true,"12:1":true,"9:3":true,"6:0":true,"10:3":true,"6:6":true,"11:1":true,"13:6":true,"9:2":true,"13:0":true,"8:11":true,"10:2":true,"13:2":true,"4:1":true,"15:5":true,"14:5":true,"5:1":true,"3:15":true,"15:11":true,"12:9":true,"6:3":true,"13:3":true,"13:4":true,"12:7":true,"15:4":true,"14:3":true,"4:14":true,"6:5":true,"12:10":true,"15:3":true,"6:11":true,"14:4":true,"11:13":true,"14:2":true,"15:2":true,"13:5":true,"12:13":true,"15:0":true,"14:6":true,"12:14":true,"9:11":true,"10:11":true,"11:14":true,"8:2":true,"15:6":true,"14:0":true,"12:15":true,"11:12":true,"5:13":true,"12:12":true,"11:15":true,"0:9":true,"7:11":true}