{"1:1":[137,158],"8:8":true,"6:10":true,"13:13":true,"3:0":[135,158],"0:6":true,"0:0":[135,157],"3:6":true,"14:1":138,"13:15":true,"10:10":true,"8:7":true,"5:5":true,"4:11":true,"0:2":true,"9:10":true,"5:11":true,"4:5":true,"13:12":true,"3:2":158,"15:1":138,"13:14":true,"3:4":[144,157],"0:3":true,"8:9":true,"7:10":true,"3:3":[144,158],"0:4":true,"2:1":[138,142],"14:14":true,"4:3":[144,157],"5:4":[144,157],"2:12":true,"10:9":true,"7:7":true,"5:3":[144,157],"2:15":true,"15:14":true,"9:9":true,"4:4":[144,157],"10:7":true,"8:10":true,"7:9":true,"6:8":true,"3:5":true,"15:12":true,"14:15":true,"13:1":138,"4:2":[144,158],"0:11":true,"15:15":true,"14:12":true,"9:7":true,"3:11":true,"5:2":[144,157],"2:14":true,"1:13":true,"0:5":true,"2:13":true,"7:8":true,"6:9":true,"4:6":true,"1:14":true,"5:0":true,"5:6":true,"4:0":true,"1:15":true,"10:8":true,"1:12":true,"9:8":true,"14:13":true,"1:11":true,"3:13":true,"1:5":true,"0:13":true,"11:8":true,"13:6":true,"13:0":138,"13:2":[138,179],"4:1":[139,157],"3:12":true,"0:15":true,"11:9":true,"15:5":true,"14:5":true,"5:1":true,"3:15":true,"0:12":true,"12:9":true,"13:3":true,"11:7":true,"2:5":true,"0:14":true,"13:4":true,"3:14":true,"2:11":true,"15:4":true,"14:3":true,"4:14":true,"1:6":true,"11:10":true,"12:10":true,"5:14":true,"15:3":true,"1:0":[136,157],"14:4":true,"5:12":true,"2:4":true,"14:2":138,"13:11":true,"4:15":true,"0:1":true,"15:2":[138,182],"4:12":true,"3:1":[139,158],"13:5":true,"5:15":true,"2:3":[144,158],"15:0":138,"14:6":true,"1:3":true,"1:4":true,"15:6":true,"14:0":138,"2:0":[140,158],"5:13":true,"1:2":[140,158],"4:13":true,"2:6":true,"15:9":true,"12:11":true,"9:14":true,"11:5":true,"2:7":true,"7:12":true,"12:5":true,"10:14":true,"7:15":true,"11:11":true,"10:12":true,"6:13":true,"2:9":true,"15:7":true,"9:15":true,"14:7":true,"9:12":true,"8:1":true,"13:10":true,"10:15":true,"7:14":true,"1:8":true,"7:13":true,"2:8":true,"6:14":true,"1:9":true,"15:8":true,"10:13":true,"6:12":true,"1:7":true,"6:15":true,"9:13":true,"11:0":true,"12:6":true,"8:13":true,"1:10":true,"6:1":140,"11:6":true,"11:4":true,"9:1":138,"8:12":true,"10:1":true,"13:7":true,"12:4":true,"11:3":true,"8:15":true,"12:2":[168,178],"2:10":true,"11:2":[138,177],"8:14":true,"13:9":true,"7:1":true,"12:1":true,"9:3":140,"6:0":true,"10:4":true,"5:9":true,"10:3":true,"7:2":141,"6:6":true,"4:9":true,"11:1":true,"9:4":true,"8:5":true,"5:7":true,"3:10":true,"7:4":143,"9:2":139,"8:11":true,"4:7":true,"10:2":true,"0:10":true,"7:3":[142,155],"9:6":true,"6:4":144,"10:6":true,"6:3":[142,156],"5:8":true,"6:2":[141,143],"7:6":true,"4:8":true,"6:5":true,"3:8":true,"0:8":true,"6:11":true,"11:13":true,"8:0":151,"8:6":true,"12:13":true,"12:14":true,"10:5":true,"9:11":true,"5:10":true,"3:7":true,"10:11":true,"9:5":true,"4:10":true,"11:14":true,"8:2":140,"0:7":true,"12:15":true,"11:12":true,"8:4":142,"7:5":true,"3:9":true,"12:12":true,"11:15":true,"8:3":141,"0:9":true,"7:11":true}