{"6:0":true,"1:1":true,"11:5":true,"10:4":true,"3:13":true,"2:7":true,"12:5":true,"1:5":true,"7:2":true,"11:1":true,"9:4":true,"3:10":true,"7:4":true,"3:0":[160,210],"9:2":true,"13:0":true,"0:0":true,"3:6":[150,205],"1:8":true,"13:2":true,"5:5":true,"3:12":true,"0:2":true,"6:4":true,"2:8":true,"15:5":true,"10:0":true,"14:5":true,"5:1":true,"4:5":true,"3:2":[168,210],"15:1":true,"9:0":true,"7:0":true,"3:4":true,"2:5":true,"13:4":true,"3:14":true,"3:3":[163,210],"1:7":true,"0:4":true,"2:1":true,"15:4":true,"11:0":true,"14:3":true,"1:6":true,"6:5":true,"3:8":true,"2:2":true,"12:0":true,"1:0":true,"14:4":true,"3:5":[159,205],"2:4":true,"8:0":true,"13:1":true,"0:1":true,"15:2":192,"3:11":true,"3:1":[167,210],"13:5":true,"5:2":true,"2:3":true,"0:5":true,"15:0":true,"11:4":true,"10:5":true,"9:1":true,"3:7":[150,205],"1:3":true,"5:0":true,"9:5":true,"12:4":true,"1:4":true,"14:0":true,"4:0":true,"2:0":true,"1:2":true,"7:5":true,"3:9":true,"11:2":true,"7:1":true,"2:6":true}