{"15:9":true,"12:11":true,"2:7":true,"8:8":true,"7:12":true,"6:10":true,"13:13":true,"14:9":true,"11:11":true,"10:12":true,"2:9":true,"15:7":true,"14:7":true,"9:12":true,"13:10":true,"1:8":true,"10:10":true,"8:7":true,"4:11":true,"2:8":true,"9:10":true,"5:11":true,"1:9":true,"15:8":true,"8:9":true,"7:10":true,"6:12":true,"1:7":true,"14:8":true,"14:14":true,"12:6":true,"2:12":true,"10:9":true,"7:7":true,"1:10":true,"13:8":true,"15:14":true,"9:9":true,"10:7":true,"8:10":true,"7:9":true,"6:8":true,"15:12":true,"14:12":true,"9:7":true,"3:11":true,"8:12":true,"7:8":true,"6:9":true,"4:6":true,"2:13":true,"15:10":true,"14:10":true,"5:6":true,"13:7":true,"15:13":true,"2:10":true,"10:8":true,"6:7":true,"13:9":true,"9:8":true,"14:13":true,"3:13":true,"5:9":true,"6:6":true,"4:9":true,"5:7":true,"3:10":true,"11:8":true,"13:6":true,"8:11":true,"12:8":true,"14:11":true,"9:6":true,"3:12":true,"11:9":true,"10:6":true,"15:11":true,"12:9":true,"11:7":true,"5:8":true,"12:7":true,"7:6":true,"4:8":true,"2:11":true,"11:10":true,"3:8":true,"12:10":true,"0:8":true,"6:11":true,"11:13":true,"5:12":true,"13:11":true,"8:6":true,"4:12":true,"12:13":true,"14:6":true,"5:10":true,"9:11":true,"3:7":true,"10:11":true,"4:10":true,"15:6":true,"3:9":true,"12:12":true,"0:9":179,"7:11":true,"2:6":true}