{"1:1":true,"13:13":true,"3:0":true,"0:6":[171,173],"0:0":true,"3:6":174,"14:1":true,"10:10":[152,154],"8:7":true,"5:5":177,"0:2":true,"9:10":154,"4:5":176,"13:12":true,"3:2":true,"15:1":true,"3:4":true,"0:3":true,"8:9":154,"7:10":156,"3:3":true,"0:4":true,"2:1":true,"14:14":true,"4:3":true,"5:4":true,"10:9":152,"7:7":true,"5:3":true,"15:14":true,"9:9":153,"4:4":true,"10:7":true,"8:10":155,"7:9":155,"3:5":175,"15:12":true,"14:15":true,"13:1":true,"4:2":true,"15:15":true,"14:12":true,"9:7":true,"5:2":true,"0:5":[171,175],"7:8":154,"4:6":175,"5:0":true,"5:6":176,"4:0":true,"15:13":true,"10:8":true,"6:7":[175,176],"14:13":true,"1:5":[170,173],"11:8":true,"13:6":true,"13:0":true,"12:8":true,"14:11":true,"13:2":true,"4:1":true,"11:9":[137,142],"15:5":true,"14:5":true,"5:1":true,"15:11":true,"12:9":true,"13:3":true,"11:7":true,"2:5":174,"13:4":true,"12:7":true,"15:4":true,"14:3":true,"11:10":true,"12:10":true,"2:2":true,"15:3":true,"1:0":true,"14:4":true,"2:4":true,"14:2":true,"13:11":true,"0:1":true,"15:2":true,"3:1":true,"13:5":true,"2:3":true,"15:0":true,"14:6":true,"1:3":true,"1:4":true,"15:6":true,"14:0":true,"2:0":true,"1:2":true,"2:6":173,"15:9":true,"12:11":true,"9:14":true,"11:5":true,"7:12":true,"12:5":true,"10:14":true,"14:9":true,"11:11":true,"10:12":true,"15:7":true,"14:7":true,"9:12":true,"8:1":true,"13:10":true,"10:15":true,"7:13":155,"15:8":true,"10:13":true,"14:8":true,"9:13":true,"11:0":true,"12:6":true,"8:13":true,"13:8":true,"12:0":true,"6:1":true,"11:6":true,"12:3":true,"11:4":true,"9:1":true,"8:12":true,"15:10":true,"14:10":true,"10:1":true,"13:7":true,"12:4":true,"11:3":true,"12:2":true,"11:2":true,"13:9":true,"7:1":true,"12:1":true,"9:3":true,"6:0":true,"10:4":true,"10:3":true,"7:2":true,"6:6":177,"11:1":true,"9:4":true,"8:5":true,"5:7":[174,175],"7:4":true,"9:2":true,"8:11":true,"4:7":[173,174],"10:2":true,"7:3":true,"9:6":true,"6:4":true,"10:0":true,"10:6":true,"9:0":true,"6:3":true,"7:0":true,"6:2":true,"7:6":true,"6:5":true,"11:13":true,"8:0":true,"8:6":true,"12:13":true,"12:14":true,"10:5":true,"9:11":true,"3:7":173,"10:11":true,"9:5":true,"11:14":true,"8:2":true,"12:15":true,"11:12":true,"8:4":true,"7:5":true,"12:12":true,"11:15":true,"8:3":true,"7:11":true}