{"6:0":true,"1:1":true,"2:7":true,"1:5":true,"7:2":true,"3:0":true,"0:6":true,"0:0":true,"13:0":true,"8:1":true,"3:6":true,"7:3":true,"5:5":true,"4:1":true,"0:2":true,"6:4":true,"10:0":true,"5:1":true,"4:5":true,"3:2":true,"9:0":true,"6:3":true,"7:0":true,"3:4":true,"2:5":true,"0:3":true,"3:3":true,"1:7":true,"0:4":true,"6:2":true,"2:1":true,"11:0":true,"4:3":true,"1:6":true,"5:4":true,"5:3":true,"2:2":true,"12:0":true,"6:1":true,"1:0":true,"4:4":true,"3:5":true,"2:4":true,"8:0":true,"14:15":true,"4:2":true,"0:1":true,"15:15":[146,233],"3:1":true,"5:2":true,"2:3":true,"0:5":true,"15:0":true,"9:1":true,"4:6":true,"3:7":true,"1:3":true,"5:0":true,"8:2":true,"1:4":true,"0:7":true,"14:0":true,"4:0":true,"2:0":true,"1:2":true,"7:1":true,"2:6":true}