{"15:9":true,"9:14":true,"11:5":[167,169],"2:7":true,"8:8":true,"7:12":true,"6:10":true,"12:5":[167,171],"10:14":true,"7:15":true,"14:9":true,"10:12":true,"6:13":true,"2:9":true,"15:7":167,"9:15":true,"0:6":[151,154],"14:7":168,"9:12":true,"10:15":true,"7:14":true,"1:8":true,"4:11":true,"7:13":true,"2:8":true,"9:10":true,"5:11":true,"6:14":true,"1:9":true,"15:8":true,"10:13":true,"8:9":true,"7:10":true,"6:12":true,"1:7":true,"0:4":[156,157],"6:15":true,"14:8":true,"9:13":true,"2:1":true,"12:6":true,"8:13":true,"2:12":true,"10:9":true,"7:7":true,"2:15":true,"1:10":true,"13:8":true,"9:9":true,"11:6":true,"10:7":true,"8:10":true,"7:9":true,"6:8":true,"0:11":true,"9:7":true,"3:11":true,"2:14":true,"1:13":true,"0:5":[154,190],"11:4":170,"8:12":true,"7:8":true,"6:9":true,"2:13":true,"1:14":true,"15:10":true,"13:7":true,"8:15":true,"2:10":true,"1:15":true,"10:8":true,"6:7":true,"8:14":true,"1:12":true,"13:9":true,"9:8":true,"1:11":true,"3:13":true,"5:9":true,"1:5":[151,189],"0:13":true,"4:9":true,"5:7":true,"3:10":true,"11:8":true,"13:6":170,"8:11":true,"4:7":true,"0:10":true,"12:8":true,"9:6":true,"3:12":true,"0:15":true,"11:9":true,"15:5":168,"14:5":169,"10:6":true,"3:15":true,"0:12":true,"11:7":true,"2:5":[151,226],"0:14":true,"5:8":true,"13:4":[166,167],"12:7":true,"3:14":true,"4:8":true,"2:11":true,"15:4":[164,165],"4:14":true,"1:6":150,"3:8":true,"5:14":true,"2:2":[187,221],"0:8":154,"6:11":true,"14:4":[165,169],"5:12":true,"2:4":[152,222],"4:15":true,"8:6":true,"4:12":true,"13:5":[167,170],"5:15":true,"2:3":[187,222],"14:6":169,"10:5":[168,170],"9:11":true,"5:10":true,"3:7":true,"1:3":156,"9:5":true,"4:10":true,"11:14":true,"1:4":[154,155],"0:7":[151,154],"15:6":168,"12:15":true,"5:13":true,"3:9":true,"11:15":true,"0:9":true,"7:11":true,"4:13":true,"2:6":[192,223]}