{"12:11":true,"9:14":true,"10:14":true,"0:13":true,"10:12":156,"6:13":true,"3:0":true,"9:15":true,"0:0":true,"13:10":true,"7:14":true,"0:15":true,"7:13":true,"3:15":true,"6:14":true,"10:13":true,"0:14":true,"3:14":true,"6:15":true,"9:13":true,"4:14":true,"8:13":true,"5:14":true,"2:15":true,"1:0":true,"11:13":true,"13:11":true,"4:15":true,"0:1":true,"5:15":true,"2:14":true,"1:13":true,"15:0":true,"2:13":true,"1:14":true,"5:0":true,"14:0":160,"4:0":true,"2:0":true,"11:12":true,"5:13":true,"1:15":true,"12:12":true,"8:14":true,"4:13":true}