{"1:1":true,"1:11":[170,189],"10:4":156,"2:7":true,"1:5":true,"0:13":[161,170],"4:9":[158,160],"3:10":[158,161],"2:9":true,"3:0":true,"0:6":true,"0:0":true,"0:10":true,"13:2":154,"3:12":true,"0:2":true,"0:15":true,"2:8":true,"0:12":[170,171],"15:1":true,"2:5":true,"0:3":true,"0:14":true,"5:8":158,"2:1":true,"2:11":[158,226],"2:12":[159,222],"7:7":[156,158],"2:2":true,"2:15":true,"0:8":true,"1:0":true,"6:8":[156,158],"2:4":true,"14:2":153,"0:1":true,"0:11":[171,190],"8:6":[156,158],"3:1":true,"2:14":true,"2:3":true,"1:13":true,"0:5":true,"2:13":true,"1:14":true,"5:0":true,"11:3":155,"1:4":true,"4:0":true,"2:0":true,"2:10":[192,223],"1:2":true,"1:15":true,"1:12":[160,169],"2:6":true}