{"1:11":true,"0:13":true,"6:6":true,"4:9":true,"5:7":true,"3:10":true,"2:9":true,"0:0":true,"4:7":true,"3:6":true,"0:10":true,"1:8":true,"5:5":true,"4:1":true,"0:15":true,"6:4":true,"2:8":true,"5:1":true,"4:5":true,"0:12":true,"6:3":true,"1:9":true,"0:14":true,"7:6":true,"4:8":true,"2:11":true,"4:3":true,"5:4":true,"7:7":true,"6:5":true,"3:8":true,"5:3":true,"1:10":true,"0:8":true,"6:1":[156,158],"4:4":true,"6:8":true,"4:2":true,"0:11":true,"3:1":true,"5:2":true,"4:6":true,"3:7":true,"5:0":[155,164],"5:6":true,"0:7":true,"4:0":166,"2:10":true,"6:7":true,"3:9":true,"1:12":true,"0:9":true}