{"9:14":[179,221],"1:1":true,"11:5":true,"2:7":true,"8:8":true,"6:10":true,"12:5":true,"10:14":[179,222],"2:9":true,"3:0":true,"0:6":true,"0:0":true,"8:1":true,"3:6":true,"7:14":true,"1:8":true,"14:1":true,"8:7":true,"5:5":true,"2:8":true,"4:5":true,"3:2":true,"15:1":true,"1:9":true,"13:14":true,"3:4":true,"8:9":true,"3:3":true,"1:7":true,"2:1":true,"11:0":true,"14:14":true,"12:6":true,"4:3":true,"7:7":true,"15:14":true,"12:0":true,"6:1":true,"11:6":true,"8:10":true,"6:8":true,"3:5":true,"13:1":true,"0:11":true,"5:2":true,"0:5":true,"12:3":true,"11:4":true,"7:8":true,"6:9":true,"4:6":true,"1:14":true,"5:6":true,"12:4":true,"11:3":true,"12:2":true,"2:10":true,"6:7":true,"11:2":true,"8:14":[179,220],"1:12":true,"7:1":true,"12:1":true,"6:0":true,"5:9":true,"1:5":true,"7:2":true,"6:6":true,"4:9":true,"11:1":true,"8:5":true,"5:7":true,"3:10":true,"7:4":true,"13:6":true,"13:0":true,"8:11":true,"4:7":true,"0:10":true,"7:3":true,"13:2":true,"6:4":true,"15:5":true,"14:5":true,"0:12":true,"6:3":true,"7:0":true,"13:3":true,"2:5":true,"0:14":true,"5:8":true,"13:4":true,"6:2":true,"7:6":true,"4:8":true,"15:4":true,"14:3":true,"1:6":true,"6:5":true,"3:8":true,"2:2":true,"0:8":true,"15:3":true,"1:0":true,"14:4":true,"2:4":true,"8:0":true,"14:2":true,"15:2":true,"8:6":true,"3:1":true,"13:5":true,"2:3":true,"15:0":true,"14:6":true,"12:14":[184,224],"5:10":true,"3:7":true,"1:3":true,"4:10":true,"11:14":[184,223],"8:2":true,"1:4":true,"0:7":true,"15:6":true,"14:0":true,"2:0":true,"8:4":true,"1:2":true,"7:5":true,"3:9":true,"8:3":true,"0:9":true,"2:6":true}