{"1:1":true,"8:8":[139,141],"6:10":true,"13:13":true,"0:0":true,"3:6":true,"14:1":true,"13:15":true,"8:7":true,"5:5":154,"4:11":[165,166],"0:2":true,"5:11":[134,176],"13:12":true,"3:2":182,"15:1":true,"13:14":true,"0:3":true,"8:9":true,"7:10":true,"0:4":true,"2:1":true,"14:14":true,"5:4":154,"10:9":true,"7:7":true,"5:3":155,"15:14":true,"9:9":141,"10:7":true,"8:10":true,"7:9":true,"3:5":[169,173],"15:12":true,"14:15":true,"13:1":true,"15:15":true,"14:12":true,"9:7":true,"0:5":true,"7:8":true,"6:9":[134,135],"15:13":true,"10:8":true,"6:7":true,"1:12":true,"9:8":true,"14:13":true,"1:5":true,"11:8":true,"13:6":[168,169],"13:0":true,"12:8":true,"14:11":true,"11:9":true,"15:5":[146,173],"14:5":[144,174],"0:12":true,"15:11":true,"12:9":true,"13:3":true,"2:5":true,"13:4":true,"15:4":[147,149],"14:3":true,"4:14":146,"11:10":true,"12:10":true,"5:14":true,"2:2":183,"1:0":true,"5:12":[134,176],"2:4":true,"14:2":true,"13:11":true,"0:1":true,"15:2":true,"4:12":[132,165],"13:5":[145,173],"2:3":[180,183],"15:0":true,"14:6":[168,169],"1:3":true,"1:4":true,"15:6":[168,172],"14:0":true,"2:0":true,"5:13":[167,176],"1:2":true,"4:13":[164,166],"2:6":true,"15:9":true,"12:11":true,"11:5":true,"2:7":true,"12:5":[148,170],"14:9":true,"11:11":true,"6:13":[169,174],"2:9":true,"13:10":true,"10:15":true,"1:8":true,"2:8":true,"15:8":true,"6:12":[140,174],"1:7":true,"14:8":158,"13:8":true,"6:1":156,"12:3":true,"11:4":[139,170],"15:10":true,"14:10":true,"10:1":[171,178],"12:4":[142,174],"11:3":[135,176],"12:2":true,"11:2":[131,178],"13:9":true,"7:1":[154,155],"12:1":true,"10:4":[134,138],"5:9":[170,174],"10:3":[131,173],"6:6":true,"4:9":[166,176],"11:1":[169,170],"9:4":132,"8:5":true,"7:4":true,"4:7":[168,169],"10:2":[174,176],"6:4":true,"10:0":[174,178],"10:6":true,"6:3":true,"7:0":true,"6:2":true,"7:6":true,"4:8":[167,175],"6:5":true,"3:8":true,"0:8":true,"6:11":[136,172],"11:13":true,"8:6":true,"12:13":true,"3:7":true,"12:14":true,"10:5":true,"5:10":[168,176],"9:5":true,"4:10":[166,177],"11:14":true,"12:15":true,"11:12":true,"7:5":true,"3:9":true,"12:12":true,"11:15":true,"7:11":true}