{"12:11":true,"1:1":[188,189],"7:12":true,"6:13":true,"2:9":true,"0:6":true,"13:10":true,"7:14":true,"1:8":true,"0:2":true,"7:13":true,"2:8":true,"5:11":true,"6:14":true,"1:9":true,"0:3":true,"6:12":true,"0:4":true,"2:1":[187,188],"8:13":true,"10:7":214,"0:5":true,"8:14":188,"1:5":true,"9:4":217,"3:10":true,"4:1":185,"3:12":true,"5:14":true,"2:2":[189,190],"0:8":true,"6:11":true,"5:12":true,"13:11":true,"0:1":true,"3:1":[185,186],"5:15":true,"1:3":true,"4:10":true,"1:4":true,"0:7":true,"5:13":true,"1:2":true,"7:11":true}