{"1:1":true,"7:12":true,"6:10":true,"7:15":true,"2:9":true,"0:6":true,"3:6":true,"7:14":true,"1:8":true,"5:5":true,"4:11":true,"0:2":212,"7:13":true,"2:8":true,"5:11":true,"4:5":true,"3:2":212,"6:14":true,"1:9":true,"3:4":true,"0:3":true,"7:10":true,"6:12":true,"3:3":212,"0:4":true,"6:15":true,"4:3":212,"8:13":212,"5:4":212,"2:12":true,"5:3":212,"2:15":true,"1:10":true,"4:4":true,"7:9":true,"6:8":true,"3:5":true,"0:11":true,"3:11":true,"2:14":true,"1:13":true,"0:5":true,"8:12":222,"7:8":true,"6:9":true,"4:6":true,"2:13":true,"1:14":true,"5:6":true,"8:15":true,"2:10":true,"1:15":true,"8:14":true,"1:12":true,"1:11":true,"3:13":true,"5:9":true,"1:5":true,"0:13":true,"6:6":true,"4:9":true,"3:10":true,"0:10":true,"3:12":true,"0:15":true,"6:4":212,"3:15":true,"0:12":true,"2:5":true,"0:14":true,"5:8":true,"3:14":true,"4:8":true,"2:11":true,"4:14":true,"1:6":true,"6:5":true,"3:8":true,"5:14":true,"2:2":212,"0:8":true,"6:11":true,"5:12":true,"2:4":true,"4:15":true,"0:1":211,"4:12":true,"5:15":true,"2:3":true,"5:10":true,"1:3":true,"4:10":true,"1:4":true,"5:13":true,"1:2":212,"3:9":true,"0:9":true,"7:11":true,"4:13":true,"2:6":true}