{"9:14":true,"1:1":[153,171],"11:5":true,"2:7":true,"7:12":true,"6:10":true,"12:5":true,"10:14":true,"10:12":true,"6:13":true,"2:9":true,"3:0":[168,169],"0:6":true,"0:0":true,"9:12":true,"3:6":[171,227],"7:14":true,"14:1":true,"10:10":true,"5:5":true,"0:2":[151,173],"7:13":true,"9:10":true,"4:5":true,"6:14":true,"1:9":true,"10:13":true,"0:3":true,"8:9":true,"7:10":true,"6:12":true,"1:7":true,"9:13":true,"12:6":true,"8:13":true,"2:12":true,"10:9":true,"1:10":true,"12:0":true,"9:9":true,"11:6":true,"8:10":true,"7:9":true,"3:5":true,"13:1":true,"0:11":true,"3:11":true,"2:14":true,"1:13":true,"0:5":true,"12:3":true,"11:4":true,"8:12":true,"6:9":true,"4:6":[171,227],"2:13":true,"1:14":true,"5:0":[169,170],"5:6":[165,227],"12:4":true,"4:0":[168,170],"12:2":true,"2:10":true,"8:14":true,"1:12":true,"12:1":true,"1:11":true,"10:4":true,"3:13":true,"1:5":true,"0:13":true,"6:6":[164,227],"9:4":true,"8:5":true,"5:7":true,"3:10":true,"7:4":true,"13:6":true,"13:0":true,"8:11":true,"4:7":true,"0:10":true,"7:3":true,"13:2":true,"9:6":true,"3:12":true,"14:5":true,"10:6":true,"0:12":true,"13:3":true,"2:5":[172,201],"0:14":true,"13:4":true,"3:14":true,"7:6":[164,227],"2:11":true,"15:4":true,"1:6":true,"6:5":true,"2:2":true,"6:11":true,"1:0":152,"14:4":true,"14:2":true,"0:1":[152,172],"8:6":true,"13:5":true,"14:6":true,"10:5":true,"3:7":true,"9:11":true,"1:3":true,"10:11":true,"9:5":true,"1:4":true,"14:0":true,"2:0":168,"1:2":172,"7:5":true,"3:9":true,"0:9":true,"7:11":true,"2:6":true}