{"12:11":true,"9:14":true,"1:1":true,"11:5":true,"2:7":[122,123],"7:12":true,"6:10":true,"13:13":true,"12:5":true,"10:14":true,"7:15":true,"14:9":true,"11:11":true,"10:12":true,"2:9":true,"3:0":true,"9:15":true,"0:6":true,"0:0":true,"14:7":true,"9:12":true,"3:6":true,"13:10":true,"10:15":true,"7:14":true,"1:8":[120,173],"14:1":true,"13:15":true,"10:10":true,"4:11":true,"0:2":true,"7:13":true,"2:8":[119,171],"9:10":true,"5:11":[170,171],"4:5":true,"13:12":true,"15:1":true,"1:9":[174,175],"13:14":true,"10:13":true,"3:4":true,"0:3":true,"8:9":true,"7:10":true,"1:7":122,"0:4":true,"14:8":true,"9:13":true,"11:0":true,"14:14":true,"12:6":true,"8:13":true,"10:9":true,"5:3":true,"2:15":[175,177],"1:10":true,"13:8":true,"15:14":true,"9:9":true,"11:6":true,"4:4":true,"10:7":true,"8:10":true,"7:9":true,"6:8":true,"3:5":true,"15:12":true,"14:15":true,"0:11":true,"15:15":true,"14:12":true,"2:14":true,"0:5":true,"12:3":true,"11:4":true,"8:12":true,"7:8":true,"6:9":true,"4:6":true,"2:13":true,"15:10":true,"14:10":true,"10:1":true,"5:6":true,"13:7":true,"12:4":true,"8:15":true,"15:13":true,"12:2":true,"8:14":true,"13:9":true,"7:1":true,"14:13":true,"12:1":true,"1:11":true,"3:13":true,"5:9":126,"1:5":[122,123],"11:1":true,"5:7":true,"11:8":true,"13:6":true,"8:11":true,"4:7":true,"0:10":true,"12:8":true,"14:11":true,"13:2":true,"3:12":true,"11:9":true,"10:0":true,"15:11":true,"12:9":true,"9:0":true,"13:3":true,"11:7":true,"2:5":true,"5:8":true,"13:4":true,"12:7":true,"3:14":176,"6:2":true,"4:8":true,"15:4":true,"14:3":true,"4:14":[172,175],"1:6":[122,123],"11:10":true,"3:8":[118,122],"12:10":true,"5:14":[165,171],"0:8":[174,175],"15:3":true,"6:11":true,"1:0":true,"11:13":true,"5:12":[169,172],"2:4":true,"8:0":true,"14:2":true,"13:11":true,"4:15":[164,174],"0:1":true,"15:2":true,"4:12":true,"13:5":true,"12:13":true,"5:15":true,"15:0":true,"14:6":true,"12:14":true,"9:11":true,"3:7":true,"1:3":true,"4:10":171,"11:14":true,"1:4":true,"0:7":[121,172],"14:0":true,"2:0":true,"12:15":true,"11:12":true,"5:13":[167,173],"3:9":[171,172],"12:12":true,"11:15":true,"0:9":[176,177],"7:11":true,"4:13":174,"2:6":true}