{"12:11":171,"9:14":true,"11:5":true,"8:8":true,"7:12":true,"6:10":true,"13:13":[182,186],"10:14":236,"7:15":true,"11:11":[172,237],"10:12":true,"6:13":true,"9:15":235,"0:6":true,"9:12":true,"8:1":true,"13:10":[170,186],"10:15":235,"7:14":true,"14:1":true,"13:15":true,"10:10":true,"8:7":true,"5:5":true,"4:11":true,"0:2":[187,221],"7:13":true,"9:10":true,"5:11":true,"4:5":true,"13:12":true,"15:1":true,"6:14":true,"13:14":true,"10:13":[172,236],"0:3":[187,222],"8:9":true,"7:10":true,"6:12":true,"0:4":[189,222],"6:15":true,"9:13":true,"11:0":true,"14:14":true,"4:3":true,"8:13":true,"10:9":true,"7:7":true,"13:8":[182,186],"15:14":true,"9:9":true,"6:1":true,"11:6":true,"4:4":true,"10:7":true,"8:10":true,"7:9":true,"6:8":true,"15:12":true,"14:15":true,"13:1":true,"4:2":true,"0:11":true,"15:15":true,"14:12":true,"9:7":true,"0:5":[192,226],"11:4":true,"9:1":true,"8:12":true,"7:8":true,"6:9":true,"4:6":true,"15:10":true,"14:10":true,"10:1":true,"13:7":true,"11:3":true,"8:15":true,"4:0":true,"15:13":true,"10:8":true,"6:7":true,"11:2":true,"8:14":true,"13:9":[182,186],"9:8":true,"7:1":true,"14:13":true,"9:3":true,"6:0":true,"1:11":true,"10:4":true,"10:3":true,"1:5":true,"0:13":true,"7:2":true,"6:6":true,"4:9":true,"11:1":true,"9:4":true,"8:5":true,"11:8":true,"7:4":true,"13:6":true,"9:2":true,"13:0":true,"8:11":true,"4:7":true,"10:2":true,"0:10":true,"12:8":true,"7:3":true,"14:11":true,"13:2":true,"9:6":true,"4:1":true,"0:15":[187,221],"11:9":true,"6:4":true,"15:5":true,"10:0":true,"14:5":true,"10:6":true,"0:12":true,"15:11":true,"12:9":true,"9:0":true,"6:3":true,"7:0":true,"13:3":true,"11:7":true,"2:5":true,"0:14":[187,221],"13:4":true,"6:2":true,"7:6":true,"4:8":true,"2:11":true,"15:4":true,"14:3":true,"4:14":true,"11:10":true,"6:5":true,"12:10":[171,172],"0:8":true,"15:3":true,"6:11":true,"14:4":true,"11:13":true,"8:0":true,"14:2":true,"13:11":true,"4:15":true,"0:1":[187,221],"15:2":true,"8:6":true,"4:12":true,"13:5":true,"12:13":true,"15:0":true,"14:6":true,"12:14":true,"10:5":true,"9:11":true,"10:11":true,"9:5":true,"4:10":true,"11:14":[236,251],"8:2":true,"0:7":true,"15:6":true,"14:0":true,"12:15":true,"11:12":[171,251],"8:4":true,"7:5":true,"12:12":true,"11:15":true,"8:3":true,"0:9":true,"7:11":true,"4:13":true}