{"9:14":true,"1:1":true,"11:5":true,"8:8":true,"10:14":true,"7:15":true,"11:11":true,"10:12":true,"2:9":true,"9:15":true,"0:6":true,"0:0":true,"9:12":true,"8:1":true,"10:15":true,"7:14":true,"1:8":true,"13:15":true,"10:10":true,"0:2":true,"9:10":true,"15:1":true,"1:9":true,"13:14":true,"10:13":true,"9:13":true,"11:0":true,"14:14":true,"4:3":true,"8:13":true,"2:12":true,"10:9":true,"5:3":true,"1:10":true,"15:14":true,"12:0":true,"9:9":true,"11:6":true,"10:7":true,"14:15":true,"13:1":true,"0:11":true,"15:15":true,"9:7":true,"3:11":true,"2:14":true,"1:13":true,"0:5":true,"11:4":true,"9:1":true,"8:12":true,"2:13":true,"1:14":true,"10:1":true,"12:4":true,"11:3":true,"8:15":true,"12:2":true,"2:10":true,"1:15":true,"10:8":true,"11:2":true,"8:14":true,"1:12":true,"9:8":true,"7:1":true,"12:1":true,"1:11":true,"10:3":true,"0:13":true,"7:2":true,"11:1":true,"9:4":true,"3:10":true,"11:8":true,"9:2":true,"13:0":true,"10:2":true,"0:10":true,"7:3":true,"13:2":true,"3:12":true,"0:15":true,"11:9":true,"10:0":true,"0:12":true,"9:0":true,"7:0":true,"13:3":true,"11:7":true,"0:14":true,"2:11":true,"15:4":true,"14:3":true,"11:10":true,"0:8":true,"15:3":true,"1:0":true,"14:4":true,"11:13":true,"8:0":true,"14:2":true,"0:1":true,"15:2":true,"15:0":true,"12:14":true,"9:11":true,"10:11":true,"11:14":true,"8:2":true,"0:7":true,"14:0":true,"2:0":true,"12:15":true,"11:12":true,"8:4":true,"1:2":true,"11:15":true,"8:3":true,"0:9":true}