{"15:9":true,"12:11":true,"1:1":true,"11:5":true,"2:7":true,"13:13":true,"7:15":[187,223],"14:9":true,"11:11":true,"2:9":[112,236],"15:7":true,"9:15":true,"0:0":true,"14:7":true,"8:1":true,"13:10":true,"10:15":true,"1:8":114,"13:15":true,"10:10":true,"8:7":true,"4:11":[189,221],"0:2":true,"5:11":[192,219],"13:12":true,"15:1":true,"1:9":[110,236],"15:8":true,"13:14":true,"6:12":[109,110],"1:7":true,"6:15":[187,223],"14:8":true,"11:0":true,"14:14":true,"2:12":true,"10:9":true,"7:7":true,"2:15":true,"1:10":[114,115],"13:8":true,"15:14":true,"12:0":true,"9:9":true,"11:6":true,"10:7":true,"8:10":true,"15:12":true,"14:15":true,"13:1":true,"0:11":true,"15:15":true,"14:12":true,"9:7":true,"3:11":[109,222],"11:4":true,"9:1":true,"15:10":true,"14:10":true,"10:1":true,"13:7":true,"11:3":true,"8:15":[187,230],"15:13":true,"12:2":true,"2:10":[110,113],"1:15":true,"6:7":true,"11:2":true,"13:9":true,"7:1":true,"14:13":true,"12:1":true,"1:11":true,"5:9":true,"7:2":true,"4:9":true,"11:1":true,"5:7":true,"9:2":true,"4:7":true,"10:2":true,"0:10":116,"12:8":true,"14:11":true,"13:2":true,"3:12":113,"0:15":true,"11:9":true,"10:0":true,"3:15":true,"15:11":true,"12:9":true,"9:0":true,"7:0":true,"11:7":true,"12:7":true,"2:11":[112,223],"11:10":true,"12:10":true,"0:8":true,"1:0":true,"5:12":[108,111],"8:0":true,"14:2":true,"13:11":true,"4:15":[187,223],"0:1":true,"15:2":true,"4:12":[110,112],"5:15":[187,223],"15:0":true,"3:7":184,"10:11":true,"8:2":true,"0:7":[115,184],"15:6":true,"12:15":true,"1:2":true,"3:9":true,"12:12":true,"11:15":true,"0:9":[111,233]}