{"9:14":true,"1:1":true,"11:5":[163,254],"8:8":true,"7:12":true,"6:10":true,"10:14":true,"7:15":true,"11:11":true,"10:12":254,"3:0":true,"9:15":true,"0:0":true,"8:1":true,"10:15":true,"7:14":true,"14:1":true,"8:7":true,"0:2":true,"7:13":true,"3:2":true,"15:1":true,"10:13":true,"0:3":true,"8:9":254,"7:10":[184,254],"6:12":true,"3:3":true,"9:13":true,"2:1":true,"11:0":true,"4:3":true,"7:7":true,"5:3":true,"2:15":true,"12:0":true,"9:9":true,"8:10":254,"7:9":[184,254],"6:8":true,"13:1":true,"4:2":true,"9:7":true,"2:14":true,"1:13":true,"11:4":[163,254],"1:14":true,"9:1":true,"7:8":[183,254],"6:9":254,"2:13":true,"5:0":true,"10:1":true,"11:3":true,"8:15":true,"4:0":true,"12:2":true,"1:15":true,"10:8":true,"6:7":254,"11:2":true,"8:14":true,"9:8":true,"7:1":true,"12:1":true,"9:3":true,"6:0":true,"10:4":true,"3:13":true,"10:3":true,"0:13":true,"7:2":true,"6:6":true,"11:1":true,"7:4":true,"9:2":true,"13:0":true,"10:2":true,"7:3":true,"13:2":true,"0:15":true,"6:4":true,"10:0":true,"3:15":true,"9:0":true,"7:0":true,"13:3":true,"0:14":true,"13:4":[165,167],"3:14":true,"7:6":true,"15:4":[159,166],"14:3":true,"4:14":true,"6:5":true,"2:2":true,"15:3":true,"6:11":true,"1:0":true,"14:4":true,"11:13":254,"8:0":true,"14:2":true,"0:1":true,"15:2":true,"8:6":true,"3:1":true,"2:3":true,"15:0":true,"1:3":true,"11:14":true,"8:2":true,"14:0":true,"2:0":true,"11:12":254,"5:13":true,"1:2":true,"7:5":true,"11:15":true,"7:11":true,"4:13":true}